00025.jpg,194
00030.jpg,194
00233.jpg,194
00285.jpg,194
00426.jpg,194
00455.jpg,194
00643.jpg,194
01015.jpg,194
01431.jpg,194
01814.jpg,194
01844.jpg,194
01853.jpg,194
01908.jpg,194
01992.jpg,194
02039.jpg,194
02051.jpg,194
02067.jpg,194
02279.jpg,194
02344.jpg,194
02870.jpg,194
03227.jpg,194
03345.jpg,194
03424.jpg,194
03613.jpg,194
04215.jpg,194
04538.jpg,194
05120.jpg,194
05169.jpg,194
05292.jpg,194
05376.jpg,194
05625.jpg,194
06127.jpg,194
06260.jpg,194
06560.jpg,194
06960.jpg,194
07066.jpg,194
07067.jpg,194
07404.jpg,194
07633.jpg,194
07858.jpg,194
07900.jpg,194
00094.jpg,112
00336.jpg,112
00416.jpg,112
00994.jpg,112
01098.jpg,112
01351.jpg,112
01549.jpg,112
01779.jpg,112
01887.jpg,112
01923.jpg,112
02282.jpg,112
02380.jpg,112
02573.jpg,112
02591.jpg,112
02704.jpg,112
03053.jpg,112
03192.jpg,112
03219.jpg,112
03524.jpg,112
03584.jpg,112
03622.jpg,112
03816.jpg,112
04343.jpg,112
04496.jpg,112
04521.jpg,112
04617.jpg,112
05185.jpg,112
05313.jpg,112
05415.jpg,112
06034.jpg,112
06074.jpg,112
06391.jpg,112
06544.jpg,112
06615.jpg,112
06799.jpg,112
07239.jpg,112
07460.jpg,112
07613.jpg,112
07820.jpg,112
07837.jpg,112
08128.jpg,112
08143.jpg,112
00043.jpg,119
00169.jpg,119
00170.jpg,119
00216.jpg,119
00361.jpg,119
00498.jpg,119
00576.jpg,119
00672.jpg,119
00674.jpg,119
00862.jpg,119
01000.jpg,119
01041.jpg,119
01560.jpg,119
01893.jpg,119
02036.jpg,119
02290.jpg,119
02519.jpg,119
02548.jpg,119
02818.jpg,119
02878.jpg,119
03095.jpg,119
03193.jpg,119
03463.jpg,119
03497.jpg,119
03954.jpg,119
04213.jpg,119
04214.jpg,119
04483.jpg,119
04558.jpg,119
04647.jpg,119
04790.jpg,119
05199.jpg,119
05357.jpg,119
05383.jpg,119
05444.jpg,119
05664.jpg,119
05751.jpg,119
05806.jpg,119
05905.jpg,119
06154.jpg,119
06437.jpg,119
06470.jpg,119
06481.jpg,119
06540.jpg,119
06754.jpg,119
06813.jpg,119
07153.jpg,119
07906.jpg,119
07927.jpg,119
07985.jpg,119
08013.jpg,119
08056.jpg,119
08131.jpg,119
00123.jpg,144
00555.jpg,144
00901.jpg,144
01119.jpg,144
01301.jpg,144
01406.jpg,144
01446.jpg,144
01455.jpg,144
01744.jpg,144
01840.jpg,144
01989.jpg,144
02159.jpg,144
02487.jpg,144
02497.jpg,144
02701.jpg,144
02745.jpg,144
02875.jpg,144
02907.jpg,144
03409.jpg,144
03515.jpg,144
03591.jpg,144
03743.jpg,144
03805.jpg,144
04081.jpg,144
04217.jpg,144
04365.jpg,144
04378.jpg,144
04433.jpg,144
04540.jpg,144
04751.jpg,144
04813.jpg,144
04901.jpg,144
05153.jpg,144
05233.jpg,144
05311.jpg,144
05950.jpg,144
06021.jpg,144
06238.jpg,144
06275.jpg,144
06379.jpg,144
06417.jpg,144
06439.jpg,144
06617.jpg,144
06900.jpg,144
